File,LOC,SLOC-P,SLOC-L,MVG,BLOC,C&SLOC,CLOC,CWORD,HCLOC,HCWORD
C:\Users\Jay\Desktop\Code\BBCInventathonNode\index.js,48,43,28,3,5,25,0,169,0,3
C:\Users\Jay\Desktop\Code\BBCInventathonNode\LocMetrics.html,1,1,0,0,0,0,0,0,0,0
C:\Users\Jay\Desktop\Code\BBCInventathonNode\LocMetricsFunctions.html,1,1,0,0,0,0,0,0,0,0
C:\Users\Jay\Desktop\Code\BBCInventathonNode\README.md,1,1,0,0,0,0,0,0,0,0
C:\Users\Jay\Desktop\Code\BBCInventathonNode\package-lock.json,555,554,101,0,1,0,0,0,0,0
C:\Users\Jay\Desktop\Code\BBCInventathonNode\package.json,25,24,5,0,1,0,0,0,0,0
C:\Users\Jay\Desktop\Code\BBCInventathonNode\assets\color.js,59,47,32,7,11,4,1,34,0,14
C:\Users\Jay\Desktop\Code\BBCInventathonNode\assets\js\nanobar.min.js,2,1,30,0,1,0,0,0,0,0
C:\Users\Jay\Desktop\Code\BBCInventathonNode\assets\nanobar\demos.html,83,78,31,0,5,0,0,0,0,0
C:\Users\Jay\Desktop\Code\BBCInventathonNode\html\game.html,216,203,83,13,13,44,0,292,0,0
C:\Users\Jay\Desktop\Code\BBCInventathonNode\node_modules\accepts\index.js,232,81,26,27,33,0,118,405,6,18
C:\Users\Jay\Desktop\Code\BBCInventathonNode\node_modules\accepts\HISTORY.md,213,151,0,0,62,0,0,0,0,0
C:\Users\Jay\Desktop\Code\BBCInventathonNode\node_modules\accepts\README.md,136,94,3,4,40,12,2,41,0,0
C:\Users\Jay\Desktop\Code\BBCInventathonNode\node_modules\accepts\package.json,114,113,18,0,1,0,0,0,0,0
C:\Users\Jay\Desktop\Code\BBCInventathonNode\node_modules\after\index.js,29,21,6,3,6,0,2,16,0,0
C:\Users\Jay\Desktop\Code\BBCInventathonNode\node_modules\after\README.md,116,79,11,8,30,13,7,66,0,0
C:\Users\Jay\Desktop\Code\BBCInventathonNode\node_modules\after\package.json,104,103,18,0,1,0,0,0,0,0
C:\Users\Jay\Desktop\Code\BBCInventathonNode\node_modules\after\test\after-test.js,121,92,38,2,26,0,3,9,1,3
C:\Users\Jay\Desktop\Code\BBCInventathonNode\node_modules\array-flatten\array-flatten.js,65,30,10,9,10,0,25,77,0,0
C:\Users\Jay\Desktop\Code\BBCInventathonNode\node_modules\array-flatten\README.md,44,29,1,0,13,9,2,32,0,0
C:\Users\Jay\Desktop\Code\BBCInventathonNode\node_modules\array-flatten\package.json,97,96,15,0,1,0,0,0,0,0
C:\Users\Jay\Desktop\Code\BBCInventathonNode\node_modules\arraybuffer.slice\index.js,30,18,16,8,6,0,6,20,6,20
C:\Users\Jay\Desktop\Code\BBCInventathonNode\node_modules\arraybuffer.slice\README.md,18,12,4,0,6,0,0,0,0,0
C:\Users\Jay\Desktop\Code\BBCInventathonNode\node_modules\arraybuffer.slice\package.json,73,72,13,0,1,0,0,0,0,0
C:\Users\Jay\Desktop\Code\BBCInventathonNode\node_modules\arraybuffer.slice\test\slice-buffer.js,228,185,158,27,37,0,6,8,3,4
C:\Users\Jay\Desktop\Code\BBCInventathonNode\node_modules\backo2\index.js,86,30,29,2,16,0,40,102,3,5
C:\Users\Jay\Desktop\Code\BBCInventathonNode\node_modules\backo2\History.md,13,8,0,0,5,0,0,0,0,0
C:\Users\Jay\Desktop\Code\BBCInventathonNode\node_modules\backo2\Readme.md,35,22,6,0,12,0,1,4,0,0
C:\Users\Jay\Desktop\Code\BBCInventathonNode\node_modules\backo2\component.json,12,11,2,0,1,0,0,0,0,0
C:\Users\Jay\Desktop\Code\BBCInventathonNode\node_modules\backo2\package.json,79,78,14,0,1,0,0,0,0,0
C:\Users\Jay\Desktop\Code\BBCInventathonNode\node_modules\backo2\test\index.js,18,14,12,0,4,0,0,0,0,0
C:\Users\Jay\Desktop\Code\BBCInventathonNode\node_modules\base64-arraybuffer\README.md,21,14,0,0,7,3,0,3,0,0
C:\Users\Jay\Desktop\Code\BBCInventathonNode\node_modules\base64-arraybuffer\package.json,98,97,17,0,1,0,0,0,0,0
C:\Users\Jay\Desktop\Code\BBCInventathonNode\node_modules\base64-arraybuffer\lib\base64-arraybuffer.js,68,47,37,8,13,0,8,27,7,19
C:\Users\Jay\Desktop\Code\BBCInventathonNode\node_modules\base64id\README.md,19,10,2,0,9,0,0,0,0,0
C:\Users\Jay\Desktop\Code\BBCInventathonNode\node_modules\base64id\package.json,90,89,18,0,1,0,0,0,0,0
C:\Users\Jay\Desktop\Code\BBCInventathonNode\node_modules\base64id\lib\base64id.js,104,56,44,15,23,2,25,81,6,10
C:\Users\Jay\Desktop\Code\BBCInventathonNode\node_modules\better-assert\example.js,10,7,7,0,3,0,0,0,0,0
C:\Users\Jay\Desktop\Code\BBCInventathonNode\node_modules\better-assert\index.js,39,21,14,2,9,0,9,17,3,5
C:\Users\Jay\Desktop\Code\BBCInventathonNode\node_modules\better-assert\History.md,16,9,0,0,7,0,0,0,0,0
C:\Users\Jay\Desktop\Code\BBCInventathonNode\node_modules\better-assert\Readme.md,61,45,8,0,16,1,0,2,0,0
C:\Users\Jay\Desktop\Code\BBCInventathonNode\node_modules\better-assert\package.json,101,100,18,0,1,0,0,0,0,0
C:\Users\Jay\Desktop\Code\BBCInventathonNode\node_modules\blob\index.js,97,59,48,19,18,0,20,97,3,12
C:\Users\Jay\Desktop\Code\BBCInventathonNode\node_modules\blob\README.md,15,10,2,0,5,0,0,0,0,0
C:\Users\Jay\Desktop\Code\BBCInventathonNode\node_modules\blob\package.json,78,77,14,0,1,0,0,0,0,0
C:\Users\Jay\Desktop\Code\BBCInventathonNode\node_modules\blob\test\index.js,95,85,82,13,10,0,0,0,0,0
C:\Users\Jay\Desktop\Code\BBCInventathonNode\node_modules\body-parser\index.js,158,69,16,15,29,0,60,150,5,13
C:\Users\Jay\Desktop\Code\BBCInventathonNode\node_modules\body-parser\HISTORY.md,523,209,0,0,39,1,275,750,0,0
C:\Users\Jay\Desktop\Code\BBCInventathonNode\node_modules\body-parser\README.md,423,195,6,3,85,19,143,812,0,0
C:\Users\Jay\Desktop\Code\BBCInventathonNode\node_modules\body-parser\package.json,130,129,18,0,1,0,0,0,0,0
C:\Users\Jay\Desktop\Code\BBCInventathonNode\node_modules\body-parser\lib\read.js,190,111,21,20,29,0,50,148,5,13
C:\Users\Jay\Desktop\Code\BBCInventathonNode\node_modules\body-parser\lib\types\json.js,175,88,22,22,30,1,57,202,6,18
C:\Users\Jay\Desktop\Code\BBCInventathonNode\node_modules\body-parser\lib\types\raw.js,102,54,12,13,20,0,28,77,5,13
C:\Users\Jay\Desktop\Code\BBCInventathonNode\node_modules\body-parser\lib\types\text.js,122,64,15,15,23,0,35,96,5,13
C:\Users\Jay\Desktop\Code\BBCInventathonNode\node_modules\body-parser\lib\types\urlencoded.js,280,159,37,42,53,0,68,206,6,18
C:\Users\Jay\Desktop\Code\BBCInventathonNode\node_modules\body-parser\node_modules\debug\karma.conf.js,71,7,0,0,6,1,58,181,2,11
C:\Users\Jay\Desktop\Code\BBCInventathonNode\node_modules\body-parser\node_modules\debug\node.js,2,1,1,0,1,0,0,0,0,0
C:\Users\Jay\Desktop\Code\BBCInventathonNode\node_modules\body-parser\node_modules\debug\CHANGELOG.md,353,261,0,0,92,0,0,0,0,0
C:\Users\Jay\Desktop\Code\BBCInventathonNode\node_modules\body-parser\node_modules\debug\README.md,313,219,33,3,86,16,8,71,0,0
C:\Users\Jay\Desktop\Code\BBCInventathonNode\node_modules\body-parser\node_modules\debug\component.json,20,19,2,0,1,0,0,0,0,0
C:\Users\Jay\Desktop\Code\BBCInventathonNode\node_modules\body-parser\node_modules\debug\package.json,125,124,20,0,1,0,0,0,0,0
C:\Users\Jay\Desktop\Code\BBCInventathonNode\node_modules\body-parser\node_modules\debug\src\browser.js,186,86,54,17,29,0,71,314,5,18
C:\Users\Jay\Desktop\Code\BBCInventathonNode\node_modules\body-parser\node_modules\debug\src\debug.js,203,99,82,22,39,2,65,254,6,26
C:\Users\Jay\Desktop\Code\BBCInventathonNode\node_modules\body-parser\node_modules\debug\src\index.js,11,5,4,1,2,0,4,18,4,18
C:\Users\Jay\Desktop\Code\BBCInventathonNode\node_modules\body-parser\node_modules\debug\src\node.js,247,118,91,20,48,1,81,355,3,5
C:\Users\Jay\Desktop\Code\BBCInventathonNode\node_modules\body-parser\node_modules\qs\CHANGELOG.md,176,138,0,0,38,84,0,420,0,0
C:\Users\Jay\Desktop\Code\BBCInventathonNode\node_modules\body-parser\node_modules\qs\README.md,441,318,226,9,110,7,13,45,0,0
C:\Users\Jay\Desktop\Code\BBCInventathonNode\node_modules\body-parser\node_modules\qs\.jscs.json,177,114,18,0,63,0,0,0,0,0
C:\Users\Jay\Desktop\Code\BBCInventathonNode\node_modules\body-parser\node_modules\qs\package.json,122,121,19,0,1,0,0,0,0,0
C:\Users\Jay\Desktop\Code\BBCInventathonNode\node_modules\body-parser\node_modules\qs\dist\qs.js,597,482,356,99,104,13,11,107,0,0
C:\Users\Jay\Desktop\Code\BBCInventathonNode\node_modules\body-parser\node_modules\qs\lib\formats.js,19,16,10,2,3,0,0,0,0,0
C:\Users\Jay\Desktop\Code\BBCInventathonNode\node_modules\body-parser\node_modules\qs\lib\index.js,12,9,6,0,3,0,0,0,0,0
C:\Users\Jay\Desktop\Code\BBCInventathonNode\node_modules\body-parser\node_modules\qs\lib\parse.js,168,125,98,23,34,0,9,62,0,0
C:\Users\Jay\Desktop\Code\BBCInventathonNode\node_modules\body-parser\node_modules\qs\lib\stringify.js,208,179,100,29,29,5,0,10,0,0
C:\Users\Jay\Desktop\Code\BBCInventathonNode\node_modules\body-parser\node_modules\qs\lib\utils.js,183,146,113,45,35,8,2,35,0,0
C:\Users\Jay\Desktop\Code\BBCInventathonNode\node_modules\body-parser\node_modules\qs\test\index.js,8,4,4,0,4,0,0,0,0,0
C:\Users\Jay\Desktop\Code\BBCInventathonNode\node_modules\body-parser\node_modules\qs\test\parse.js,520,436,652,3,84,0,0,0,0,0
C:\Users\Jay\Desktop\Code\BBCInventathonNode\node_modules\body-parser\node_modules\qs\test\stringify.js,568,500,535,13,68,0,0,0,0,0
C:\Users\Jay\Desktop\Code\BBCInventathonNode\node_modules\body-parser\node_modules\qs\test\utils.js,23,15,38,0,8,0,0,0,0,0
C:\Users\Jay\Desktop\Code\BBCInventathonNode\node_modules\bytes\index.js,158,72,56,17,28,0,58,211,6,17
C:\Users\Jay\Desktop\Code\BBCInventathonNode\node_modules\bytes\History.md,71,47,0,0,24,0,0,0,0,0
C:\Users\Jay\Desktop\Code\BBCInventathonNode\node_modules\bytes\Readme.md,115,71,11,0,37,7,7,23,0,0
C:\Users\Jay\Desktop\Code\BBCInventathonNode\node_modules\bytes\package.json,121,120,21,0,1,0,0,0,0,0
C:\Users\Jay\Desktop\Code\BBCInventathonNode\node_modules\callsite\index.js,11,9,10,1,2,0,0,0,0,0
C:\Users\Jay\Desktop\Code\BBCInventathonNode\node_modules\callsite\History.md,11,6,0,0,5,0,0,0,0,0
C:\Users\Jay\Desktop\Code\BBCInventathonNode\node_modules\callsite\Readme.md,45,30,12,0,15,1,0,1,0,0
C:\Users\Jay\Desktop\Code\BBCInventathonNode\node_modules\callsite\package.json,78,77,13,0,1,0,0,0,0,0
C:\Users\Jay\Desktop\Code\BBCInventathonNode\node_modules\component-bind\index.js,24,9,8,4,4,0,11,29,3,5
C:\Users\Jay\Desktop\Code\BBCInventathonNode\node_modules\component-bind\History.md,14,9,0,0,5,0,0,0,0,0
C:\Users\Jay\Desktop\Code\BBCInventathonNode\node_modules\component-bind\Readme.md,64,46,18,3,18,0,0,0,0,0
C:\Users\Jay\Desktop\Code\BBCInventathonNode\node_modules\component-bind\component.json,14,13,2,0,1,0,0,0,0,0
C:\Users\Jay\Desktop\Code\BBCInventathonNode\node_modules\component-bind\package.json,82,81,15,0,1,0,0,0,0,0
C:\Users\Jay\Desktop\Code\BBCInventathonNode\node_modules\component-emitter\index.js,164,72,61,20,26,0,66,192,3,5
C:\Users\Jay\Desktop\Code\BBCInventathonNode\node_modules\component-emitter\History.md,69,44,0,0,25,0,0,0,0,0
C:\Users\Jay\Desktop\Code\BBCInventathonNode\node_modules\component-emitter\Readme.md,75,47,10,0,28,1,0,1,0,1
C:\Users\Jay\Desktop\Code\BBCInventathonNode\node_modules\component-emitter\package.json,219,218,48,0,1,0,0,0,0,0
C:\Users\Jay\Desktop\Code\BBCInventathonNode\node_modules\component-inherit\index.js,7,6,7,0,1,0,0,0,0,0
C:\Users\Jay\Desktop\Code\BBCInventathonNode\node_modules\component-inherit\History.md,6,3,0,0,3,0,0,0,0,0
C:\Users\Jay\Desktop\Code\BBCInventathonNode\node_modules\component-inherit\Readme.md,25,15,4,0,10,0,0,0,0,0
C:\Users\Jay\Desktop\Code\BBCInventathonNode\node_modules\component-inherit\component.json,11,10,2,0,1,0,0,0,0,0
C:\Users\Jay\Desktop\Code\BBCInventathonNode\node_modules\component-inherit\package.json,79,78,15,0,1,0,0,0,0,0
C:\Users\Jay\Desktop\Code\BBCInventathonNode\node_modules\component-inherit\test\inherit.js,21,12,10,0,6,0,3,5,3,5
C:\Users\Jay\Desktop\Code\BBCInventathonNode\node_modules\content-disposition\index.js,446,173,43,39,89,2,184,779,5,13
C:\Users\Jay\Desktop\Code\BBCInventathonNode\node_modules\content-disposition\HISTORY.md,51,31,0,0,20,0,0,0,0,0
C:\Users\Jay\Desktop\Code\BBCInventathonNode\node_modules\content-disposition\README.md,142,101,4,1,39,14,2,18,0,0
C:\Users\Jay\Desktop\Code\BBCInventathonNode\node_modules\content-disposition\package.json,111,110,17,0,1,0,0,0,0,0
C:\Users\Jay\Desktop\Code\BBCInventathonNode\node_modules\content-type\index.js,217,98,24,25,42,0,77,306,5,13
C:\Users\Jay\Desktop\Code\BBCInventathonNode\node_modules\content-type\HISTORY.md,15,9,0,0,6,0,0,0,0,0
C:\Users\Jay\Desktop\Code\BBCInventathonNode\node_modules\content-type\README.md,93,63,3,0,30,10,0,10,0,0
C:\Users\Jay\Desktop\Code\BBCInventathonNode\node_modules\content-type\package.json,105,104,17,0,1,0,0,0,0,0
C:\Users\Jay\Desktop\Code\BBCInventathonNode\node_modules\cookie\index.js,196,101,74,28,38,0,57,207,6,18
C:\Users\Jay\Desktop\Code\BBCInventathonNode\node_modules\cookie\HISTORY.md,119,79,0,0,40,0,0,0,0,0
C:\Users\Jay\Desktop\Code\BBCInventathonNode\node_modules\cookie\README.md,221,149,27,2,65,20,7,58,0,0
C:\Users\Jay\Desktop\Code\BBCInventathonNode\node_modules\cookie\package.json,108,107,18,0,1,0,0,0,0,0
C:\Users\Jay\Desktop\Code\BBCInventathonNode\node_modules\cookie-signature\index.js,52,20,14,7,9,0,23,67,3,5
C:\Users\Jay\Desktop\Code\BBCInventathonNode\node_modules\cookie-signature\History.md,39,24,0,0,15,0,0,0,0,0
C:\Users\Jay\Desktop\Code\BBCInventathonNode\node_modules\cookie-signature\Readme.md,42,30,7,0,12,0,0,0,0,0
C:\Users\Jay\Desktop\Code\BBCInventathonNode\node_modules\cookie-signature\package.json,93,92,16,0,1,0,0,0,0,0
C:\Users\Jay\Desktop\Code\BBCInventathonNode\node_modules\debug\karma.conf.js,71,7,0,0,6,1,58,181,2,11
C:\Users\Jay\Desktop\Code\BBCInventathonNode\node_modules\debug\node.js,2,1,1,0,1,0,0,0,0,0
C:\Users\Jay\Desktop\Code\BBCInventathonNode\node_modules\debug\CHANGELOG.md,358,264,0,0,94,0,0,0,0,0
C:\Users\Jay\Desktop\Code\BBCInventathonNode\node_modules\debug\README.md,313,219,33,3,86,16,8,71,0,0
C:\Users\Jay\Desktop\Code\BBCInventathonNode\node_modules\debug\component.json,20,19,2,0,1,0,0,0,0,0
C:\Users\Jay\Desktop\Code\BBCInventathonNode\node_modules\debug\package.json,132,131,20,0,1,0,0,0,0,0
C:\Users\Jay\Desktop\Code\BBCInventathonNode\node_modules\debug\src\browser.js,186,86,54,17,29,0,71,314,5,18
C:\Users\Jay\Desktop\Code\BBCInventathonNode\node_modules\debug\src\debug.js,203,99,82,22,39,2,65,254,6,26
C:\Users\Jay\Desktop\Code\BBCInventathonNode\node_modules\debug\src\index.js,11,5,4,1,2,0,4,18,4,18
C:\Users\Jay\Desktop\Code\BBCInventathonNode\node_modules\debug\src\node.js,247,118,91,20,48,1,81,355,3,5
C:\Users\Jay\Desktop\Code\BBCInventathonNode\node_modules\depd\index.js,521,303,69,68,121,6,97,311,8,18
C:\Users\Jay\Desktop\Code\BBCInventathonNode\node_modules\depd\History.md,91,61,0,0,30,0,0,0,0,0
C:\Users\Jay\Desktop\Code\BBCInventathonNode\node_modules\depd\Readme.md,284,202,7,2,72,14,10,68,0,0
C:\Users\Jay\Desktop\Code\BBCInventathonNode\node_modules\depd\package.json,115,114,17,0,1,0,0,0,0,0
C:\Users\Jay\Desktop\Code\BBCInventathonNode\node_modules\depd\lib\browser\index.js,78,35,9,7,18,0,25,86,5,13
C:\Users\Jay\Desktop\Code\BBCInventathonNode\node_modules\depd\lib\compat\callsite-tostring.js,104,66,19,13,21,0,17,46,5,13
C:\Users\Jay\Desktop\Code\BBCInventathonNode\node_modules\depd\lib\compat\event-listener-count.js,23,5,1,1,6,0,12,36,5,13
C:\Users\Jay\Desktop\Code\BBCInventathonNode\node_modules\depd\lib\compat\index.js,80,39,9,5,20,0,21,48,5,13
C:\Users\Jay\Desktop\Code\BBCInventathonNode\node_modules\destroy\index.js,76,28,8,9,17,0,31,72,5,12
C:\Users\Jay\Desktop\Code\BBCInventathonNode\node_modules\destroy\README.md,61,45,0,0,15,13,1,16,0,0
C:\Users\Jay\Desktop\Code\BBCInventathonNode\node_modules\destroy\package.json,107,106,17,0,1,0,0,0,0,0
C:\Users\Jay\Desktop\Code\BBCInventathonNode\node_modules\ee-first\index.js,96,52,11,9,21,0,23,74,5,12
C:\Users\Jay\Desktop\Code\BBCInventathonNode\node_modules\ee-first\README.md,81,61,2,0,17,13,3,21,0,0
C:\Users\Jay\Desktop\Code\BBCInventathonNode\node_modules\ee-first\package.json,99,98,17,0,1,0,0,0,0,0
C:\Users\Jay\Desktop\Code\BBCInventathonNode\node_modules\encodeurl\index.js,61,10,1,1,12,0,39,183,5,13
C:\Users\Jay\Desktop\Code\BBCInventathonNode\node_modules\encodeurl\HISTORY.md,10,6,0,0,4,0,0,0,0,0
C:\Users\Jay\Desktop\Code\BBCInventathonNode\node_modules\encodeurl\README.md,125,84,2,0,33,12,8,41,0,0
C:\Users\Jay\Desktop\Code\BBCInventathonNode\node_modules\encodeurl\package.json,113,112,17,0,1,0,0,0,0,0
C:\Users\Jay\Desktop\Code\BBCInventathonNode\node_modules\engine.io\index.js,5,3,1,1,2,0,0,0,0,0
C:\Users\Jay\Desktop\Code\BBCInventathonNode\node_modules\engine.io\History.md,609,424,0,0,185,2,0,11,0,0
C:\Users\Jay\Desktop\Code\BBCInventathonNode\node_modules\engine.io\README.md,540,421,39,1,115,17,4,84,0,0
C:\Users\Jay\Desktop\Code\BBCInventathonNode\node_modules\engine.io\package.json,136,135,21,0,1,0,0,0,0,0
C:\Users\Jay\Desktop\Code\BBCInventathonNode\node_modules\engine.io\lib\engine.io.js,127,34,31,6,27,0,66,226,3,5
C:\Users\Jay\Desktop\Code\BBCInventathonNode\node_modules\engine.io\lib\server.js,519,317,259,47,78,0,124,390,3,5
C:\Users\Jay\Desktop\Code\BBCInventathonNode\node_modules\engine.io\lib\socket.js,484,284,246,29,82,0,118,390,3,5
C:\Users\Jay\Desktop\Code\BBCInventathonNode\node_modules\engine.io\lib\transport.js,129,43,41,2,26,0,60,149,3,5
C:\Users\Jay\Desktop\Code\BBCInventathonNode\node_modules\engine.io\lib\transports\index.js,37,14,10,3,9,0,14,26,3,5
C:\Users\Jay\Desktop\Code\BBCInventathonNode\node_modules\engine.io\lib\transports\polling-jsonp.js,76,28,24,2,16,0,32,113,3,5
C:\Users\Jay\Desktop\Code\BBCInventathonNode\node_modules\engine.io\lib\transports\polling-xhr.js,70,28,26,3,15,0,27,62,3,5
C:\Users\Jay\Desktop\Code\BBCInventathonNode\node_modules\engine.io\lib\transports\polling.js,409,242,212,21,75,0,92,264,3,5
C:\Users\Jay\Desktop\Code\BBCInventathonNode\node_modules\engine.io\lib\transports\websocket.js,135,59,52,5,28,0,48,108,3,5
C:\Users\Jay\Desktop\Code\BBCInventathonNode\node_modules\engine.io-client\engine.io.js,4707,2700,2186,488,816,131,1191,4465,0,0
C:\Users\Jay\Desktop\Code\BBCInventathonNode\node_modules\engine.io-client\index.js,3,1,1,0,2,0,0,0,0,0
C:\Users\Jay\Desktop\Code\BBCInventathonNode\node_modules\engine.io-client\History.md,684,494,0,0,185,2,5,23,0,0
C:\Users\Jay\Desktop\Code\BBCInventathonNode\node_modules\engine.io-client\README.md,300,242,44,0,57,20,1,55,0,0
C:\Users\Jay\Desktop\Code\BBCInventathonNode\node_modules\engine.io-client\package.json,151,150,21,0,1,0,0,0,0,0
C:\Users\Jay\Desktop\Code\BBCInventathonNode\node_modules\engine.io-client\lib\index.js,11,2,2,0,3,0,6,10,0,0
C:\Users\Jay\Desktop\Code\BBCInventathonNode\node_modules\engine.io-client\lib\socket.js,745,455,379,53,122,1,168,575,3,5
C:\Users\Jay\Desktop\Code\BBCInventathonNode\node_modules\engine.io-client\lib\transport.js,158,71,67,6,28,0,59,135,3,5
C:\Users\Jay\Desktop\Code\BBCInventathonNode\node_modules\engine.io-client\lib\xmlhttprequest.js,38,21,18,6,8,0,9,53,1,5
C:\Users\Jay\Desktop\Code\BBCInventathonNode\node_modules\engine.io-client\lib\transports\index.js,54,30,26,6,11,0,13,37,3,5
C:\Users\Jay\Desktop\Code\BBCInventathonNode\node_modules\engine.io-client\lib\transports\polling-jsonp.js,232,129,114,13,49,0,54,191,3,5
C:\Users\Jay\Desktop\Code\BBCInventathonNode\node_modules\engine.io-client\lib\transports\polling-xhr.js,414,196,174,19,58,1,160,447,3,5
C:\Users\Jay\Desktop\Code\BBCInventathonNode\node_modules\engine.io-client\lib\transports\polling.js,246,130,115,16,45,1,71,239,3,5
C:\Users\Jay\Desktop\Code\BBCInventathonNode\node_modules\engine.io-client\lib\transports\websocket.js,287,160,134,23,47,1,80,270,3,5
C:\Users\Jay\Desktop\Code\BBCInventathonNode\node_modules\engine.io-parser\index.js,3,1,1,0,2,0,0,0,0,0
C:\Users\Jay\Desktop\Code\BBCInventathonNode\node_modules\engine.io-parser\History.md,178,119,0,0,59,0,0,0,0,0
C:\Users\Jay\Desktop\Code\BBCInventathonNode\node_modules\engine.io-parser\Readme.md,203,152,22,3,51,12,0,18,0,0
C:\Users\Jay\Desktop\Code\BBCInventathonNode\node_modules\engine.io-parser\package.json,102,101,16,0,1,0,0,0,0,0
C:\Users\Jay\Desktop\Code\BBCInventathonNode\node_modules\engine.io-parser\lib\browser.js,607,368,298,101,109,5,130,527,3,5
C:\Users\Jay\Desktop\Code\BBCInventathonNode\node_modules\engine.io-parser\lib\index.js,481,269,216,80,87,4,125,462,3,5
C:\Users\Jay\Desktop\Code\BBCInventathonNode\node_modules\engine.io-parser\lib\keys.js,20,10,8,3,4,0,6,17,6,17
C:\Users\Jay\Desktop\Code\BBCInventathonNode\node_modules\engine.io-parser\lib\utf8.js,256,201,154,43,33,8,22,135,1,6
C:\Users\Jay\Desktop\Code\BBCInventathonNode\node_modules\escape-html\index.js,79,43,29,12,14,5,22,72,7,23
C:\Users\Jay\Desktop\Code\BBCInventathonNode\node_modules\escape-html\Readme.md,43,29,2,0,13,0,1,4,0,0
C:\Users\Jay\Desktop\Code\BBCInventathonNode\node_modules\escape-html\package.json,95,94,15,0,1,0,0,0,0,0
C:\Users\Jay\Desktop\Code\BBCInventathonNode\node_modules\etag\index.js,133,53,8,14,25,0,55,138,5,13
C:\Users\Jay\Desktop\Code\BBCInventathonNode\node_modules\etag\HISTORY.md,79,53,0,0,26,0,0,0,0,0
C:\Users\Jay\Desktop\Code\BBCInventathonNode\node_modules\etag\README.md,160,109,0,0,51,13,0,22,0,0
C:\Users\Jay\Desktop\Code\BBCInventathonNode\node_modules\etag\package.json,120,119,18,0,1,0,0,0,0,0
C:\Users\Jay\Desktop\Code\BBCInventathonNode\node_modules\express\index.js,12,2,2,0,3,0,7,23,7,23
C:\Users\Jay\Desktop\Code\BBCInventathonNode\node_modules\express\History.md,3290,434,0,0,33,1,2823,11293,0,0
C:\Users\Jay\Desktop\Code\BBCInventathonNode\node_modules\express\Readme.md,142,99,1,0,43,29,0,66,0,1
C:\Users\Jay\Desktop\Code\BBCInventathonNode\node_modules\express\package.json,200,199,27,0,1,0,0,0,0,0
C:\Users\Jay\Desktop\Code\BBCInventathonNode\node_modules\express\lib\application.js,645,269,219,49,105,0,271,995,7,23
C:\Users\Jay\Desktop\Code\BBCInventathonNode\node_modules\express\lib\express.js,112,59,33,1,20,1,33,93,7,23
C:\Users\Jay\Desktop\Code\BBCInventathonNode\node_modules\express\lib\request.js,518,161,125,43,72,0,285,1141,7,23
C:\Users\Jay\Desktop\Code\BBCInventathonNode\node_modules\express\lib\response.js,1077,475,392,97,149,1,453,1688,6,18
C:\Users\Jay\Desktop\Code\BBCInventathonNode\node_modules\express\lib\utils.js,299,130,103,42,51,2,118,357,6,18
C:\Users\Jay\Desktop\Code\BBCInventathonNode\node_modules\express\lib\view.js,175,72,59,12,36,0,67,187,7,23
C:\Users\Jay\Desktop\Code\BBCInventathonNode\node_modules\express\lib\middleware\init.js,44,14,11,2,10,0,20,64,7,23
C:\Users\Jay\Desktop\Code\BBCInventathonNode\node_modules\express\lib\middleware\query.js,48,22,18,4,10,0,16,44,7,23
C:\Users\Jay\Desktop\Code\BBCInventathonNode\node_modules\express\lib\router\index.js,663,381,282,88,124,1,158,718,7,23
C:\Users\Jay\Desktop\Code\BBCInventathonNode\node_modules\express\lib\router\layer.js,182,89,64,20,35,0,58,176,7,23
C:\Users\Jay\Desktop\Code\BBCInventathonNode\node_modules\express\lib\router\route.js,217,102,85,25,46,0,69,204,7,23
C:\Users\Jay\Desktop\Code\BBCInventathonNode\node_modules\finalhandler\index.js,301,139,31,32,58,0,104,297,5,13
C:\Users\Jay\Desktop\Code\BBCInventathonNode\node_modules\finalhandler\HISTORY.md,156,112,0,0,44,0,0,0,0,0
C:\Users\Jay\Desktop\Code\BBCInventathonNode\node_modules\finalhandler\README.md,147,106,8,2,41,13,0,22,0,0
C:\Users\Jay\Desktop\Code\BBCInventathonNode\node_modules\finalhandler\package.json,117,116,17,0,1,0,0,0,0,0
C:\Users\Jay\Desktop\Code\BBCInventathonNode\node_modules\forwarded\index.js,36,13,2,2,7,0,16,45,8,18
C:\Users\Jay\Desktop\Code\BBCInventathonNode\node_modules\forwarded\HISTORY.md,5,3,0,0,2,0,0,0,0,0
C:\Users\Jay\Desktop\Code\BBCInventathonNode\node_modules\forwarded\README.md,54,39,0,0,15,10,0,10,0,0
C:\Users\Jay\Desktop\Code\BBCInventathonNode\node_modules\forwarded\package.json,100,99,16,0,1,0,0,0,0,0
C:\Users\Jay\Desktop\Code\BBCInventathonNode\node_modules\fresh\index.js,82,32,8,12,17,0,33,93,6,18
C:\Users\Jay\Desktop\Code\BBCInventathonNode\node_modules\fresh\HISTORY.md,59,39,0,0,20,0,0,0,0,0
C:\Users\Jay\Desktop\Code\BBCInventathonNode\node_modules\fresh\README.md,114,79,4,3,29,14,6,52,0,0
C:\Users\Jay\Desktop\Code\BBCInventathonNode\node_modules\fresh\package.json,121,120,19,0,1,0,0,0,0,0
C:\Users\Jay\Desktop\Code\BBCInventathonNode\node_modules\has-binary2\index.js,63,34,21,15,13,0,16,38,4,8
C:\Users\Jay\Desktop\Code\BBCInventathonNode\node_modules\has-binary2\History.md,40,27,0,0,13,0,0,0,0,0
C:\Users\Jay\Desktop\Code\BBCInventathonNode\node_modules\has-binary2\README.md,5,3,0,0,2,0,0,0,0,0
C:\Users\Jay\Desktop\Code\BBCInventathonNode\node_modules\has-binary2\package.json,86,85,14,0,1,0,0,0,0,0
C:\Users\Jay\Desktop\Code\BBCInventathonNode\node_modules\has-cors\index.js,18,6,4,0,3,0,9,30,7,15
C:\Users\Jay\Desktop\Code\BBCInventathonNode\node_modules\has-cors\test.js,25,17,17,0,7,0,1,6,0,0
C:\Users\Jay\Desktop\Code\BBCInventathonNode\node_modules\has-cors\History.md,22,13,0,0,9,0,0,0,0,0
C:\Users\Jay\Desktop\Code\BBCInventathonNode\node_modules\has-cors\Readme.md,25,13,2,0,11,1,1,2,0,0
C:\Users\Jay\Desktop\Code\BBCInventathonNode\node_modules\has-cors\component.json,14,13,2,0,1,0,0,0,0,0
C:\Users\Jay\Desktop\Code\BBCInventathonNode\node_modules\has-cors\package.json,98,97,17,0,1,0,0,0,0,0
C:\Users\Jay\Desktop\Code\BBCInventathonNode\node_modules\http-errors\index.js,261,149,29,27,51,0,61,192,6,18
C:\Users\Jay\Desktop\Code\BBCInventathonNode\node_modules\http-errors\HISTORY.md,125,85,0,0,40,0,0,0,0,0
C:\Users\Jay\Desktop\Code\BBCInventathonNode\node_modules\http-errors\README.md,136,109,1,1,27,13,0,22,0,0
C:\Users\Jay\Desktop\Code\BBCInventathonNode\node_modules\http-errors\package.json,134,133,21,0,1,0,0,0,0,0
C:\Users\Jay\Desktop\Code\BBCInventathonNode\node_modules\iconv-lite\Changelog.md,109,59,0,0,50,0,0,0,0,0
C:\Users\Jay\Desktop\Code\BBCInventathonNode\node_modules\iconv-lite\README.md,160,111,35,0,39,18,10,132,0,1
C:\Users\Jay\Desktop\Code\BBCInventathonNode\node_modules\iconv-lite\package.json,160,159,30,0,1,0,0,0,0,0
C:\Users\Jay\Desktop\Code\BBCInventathonNode\node_modules\iconv-lite\encodings\dbcs-codec.js,555,393,273,79,90,41,72,851,0,0
C:\Users\Jay\Desktop\Code\BBCInventathonNode\node_modules\iconv-lite\encodings\dbcs-data.js,177,82,23,0,23,0,72,644,0,0
C:\Users\Jay\Desktop\Code\BBCInventathonNode\node_modules\iconv-lite\encodings\index.js,23,17,4,3,3,0,3,32,0,0
C:\Users\Jay\Desktop\Code\BBCInventathonNode\node_modules\iconv-lite\encodings\internal.js,188,131,95,19,38,12,19,142,0,0
C:\Users\Jay\Desktop\Code\BBCInventathonNode\node_modules\iconv-lite\encodings\sbcs-codec.js,73,49,33,9,19,0,5,47,0,0
C:\Users\Jay\Desktop\Code\BBCInventathonNode\node_modules\iconv-lite\encodings\sbcs-data-generated.js,451,449,78,0,1,0,1,12,0,0
C:\Users\Jay\Desktop\Code\BBCInventathonNode\node_modules\iconv-lite\encodings\sbcs-data.js,170,137,4,0,30,0,3,25,0,0
C:\Users\Jay\Desktop\Code\BBCInventathonNode\node_modules\iconv-lite\encodings\utf16.js,177,111,77,24,48,5,18,156,0,0
C:\Users\Jay\Desktop\Code\BBCInventathonNode\node_modules\iconv-lite\encodings\utf7.js,290,202,147,36,65,29,23,286,0,0
C:\Users\Jay\Desktop\Code\BBCInventathonNode\node_modules\iconv-lite\encodings\tables\big5-added.json,123,122,0,0,1,0,0,0,0,0
C:\Users\Jay\Desktop\Code\BBCInventathonNode\node_modules\iconv-lite\encodings\tables\cp936.json,265,264,0,0,1,0,0,0,0,0
C:\Users\Jay\Desktop\Code\BBCInventathonNode\node_modules\iconv-lite\encodings\tables\cp949.json,274,273,0,0,1,0,0,0,0,0
C:\Users\Jay\Desktop\Code\BBCInventathonNode\node_modules\iconv-lite\encodings\tables\cp950.json,178,177,0,0,1,0,0,0,0,0
C:\Users\Jay\Desktop\Code\BBCInventathonNode\node_modules\iconv-lite\encodings\tables\eucjp.json,183,182,0,0,1,0,0,0,0,0
C:\Users\Jay\Desktop\Code\BBCInventathonNode\node_modules\iconv-lite\encodings\tables\gb18030-ranges.json,1,1,1,0,0,0,0,0,0,0
C:\Users\Jay\Desktop\Code\BBCInventathonNode\node_modules\iconv-lite\encodings\tables\gbk-added.json,56,55,0,0,1,0,0,0,0,0
C:\Users\Jay\Desktop\Code\BBCInventathonNode\node_modules\iconv-lite\encodings\tables\shiftjis.json,126,125,0,0,1,0,0,0,0,0
C:\Users\Jay\Desktop\Code\BBCInventathonNode\node_modules\iconv-lite\lib\bom-handling.js,53,38,27,9,14,0,1,1,0,0
C:\Users\Jay\Desktop\Code\BBCInventathonNode\node_modules\iconv-lite\lib\extend-node.js,215,147,113,39,44,3,24,152,0,0
C:\Users\Jay\Desktop\Code\BBCInventathonNode\node_modules\iconv-lite\lib\index.js,142,91,65,23,38,8,13,140,0,0
C:\Users\Jay\Desktop\Code\BBCInventathonNode\node_modules\iconv-lite\lib\streams.js,121,94,77,12,22,2,5,31,0,0
C:\Users\Jay\Desktop\Code\BBCInventathonNode\node_modules\indexof\index.js,10,8,7,4,2,0,0,0,0,0
C:\Users\Jay\Desktop\Code\BBCInventathonNode\node_modules\indexof\Readme.md,15,9,2,0,6,0,0,0,0,0
C:\Users\Jay\Desktop\Code\BBCInventathonNode\node_modules\indexof\component.json,10,10,2,0,0,0,0,0,0,0
C:\Users\Jay\Desktop\Code\BBCInventathonNode\node_modules\indexof\package.json,68,67,12,0,1,0,0,0,0,0
C:\Users\Jay\Desktop\Code\BBCInventathonNode\node_modules\inherits\inherits.js,8,7,6,1,1,0,0,0,0,0
C:\Users\Jay\Desktop\Code\BBCInventathonNode\node_modules\inherits\inherits_browser.js,24,21,9,1,1,0,2,12,0,0
C:\Users\Jay\Desktop\Code\BBCInventathonNode\node_modules\inherits\README.md,43,32,1,0,10,3,1,13,0,0
C:\Users\Jay\Desktop\Code\BBCInventathonNode\node_modules\inherits\package.json,98,97,15,0,1,0,0,0,0,0
C:\Users\Jay\Desktop\Code\BBCInventathonNode\node_modules\ipaddr.js\ipaddr.min.js,1,1,73,0,0,0,0,0,0,0
C:\Users\Jay\Desktop\Code\BBCInventathonNode\node_modules\ipaddr.js\README.md,228,163,22,3,65,19,0,69,0,1
C:\Users\Jay\Desktop\Code\BBCInventathonNode\node_modules\ipaddr.js\bower.json,30,29,1,0,1,0,0,0,0,0
C:\Users\Jay\Desktop\Code\BBCInventathonNode\node_modules\ipaddr.js\package.json,98,97,17,0,1,0,0,0,0,0
C:\Users\Jay\Desktop\Code\BBCInventathonNode\node_modules\ipaddr.js\lib\ipaddr.js,587,535,426,134,52,0,0,0,0,0
C:\Users\Jay\Desktop\Code\BBCInventathonNode\node_modules\isarray\index.js,6,4,5,1,2,0,0,0,0,0
C:\Users\Jay\Desktop\Code\BBCInventathonNode\node_modules\isarray\README.md,55,37,5,0,18,8,0,11,0,0
C:\Users\Jay\Desktop\Code\BBCInventathonNode\node_modules\isarray\package.json,113,112,17,0,1,0,0,0,0,0
C:\Users\Jay\Desktop\Code\BBCInventathonNode\node_modules\media-typer\index.js,271,122,36,29,49,0,100,464,28,199
C:\Users\Jay\Desktop\Code\BBCInventathonNode\node_modules\media-typer\HISTORY.md,23,15,0,0,8,0,0,0,0,0
C:\Users\Jay\Desktop\Code\BBCInventathonNode\node_modules\media-typer\README.md,82,56,2,0,26,10,0,10,0,0
C:\Users\Jay\Desktop\Code\BBCInventathonNode\node_modules\media-typer\package.json,93,92,16,0,1,0,0,0,0,0
C:\Users\Jay\Desktop\Code\BBCInventathonNode\node_modules\merge-descriptors\index.js,61,22,6,6,13,0,26,87,6,18
C:\Users\Jay\Desktop\Code\BBCInventathonNode\node_modules\merge-descriptors\HISTORY.md,22,14,0,0,8,0,0,0,0,0
C:\Users\Jay\Desktop\Code\BBCInventathonNode\node_modules\merge-descriptors\README.md,49,33,3,1,16,8,0,8,0,0
C:\Users\Jay\Desktop\Code\BBCInventathonNode\node_modules\merge-descriptors\package.json,173,172,35,0,1,0,0,0,0,0
C:\Users\Jay\Desktop\Code\BBCInventathonNode\node_modules\methods\index.js,70,38,9,3,10,0,22,57,6,18
C:\Users\Jay\Desktop\Code\BBCInventathonNode\node_modules\methods\HISTORY.md,30,18,0,0,12,0,0,0,0,0
C:\Users\Jay\Desktop\Code\BBCInventathonNode\node_modules\methods\README.md,52,38,0,0,14,10,0,10,0,0
C:\Users\Jay\Desktop\Code\BBCInventathonNode\node_modules\methods\package.json,123,122,22,0,1,0,0,0,0,0
C:\Users\Jay\Desktop\Code\BBCInventathonNode\node_modules\mime\cli.js,9,5,4,0,4,0,0,0,0,0
C:\Users\Jay\Desktop\Code\BBCInventathonNode\node_modules\mime\mime.js,109,51,42,7,20,2,38,191,0,0
C:\Users\Jay\Desktop\Code\BBCInventathonNode\node_modules\mime\README.md,91,57,13,0,33,10,1,21,0,0
C:\Users\Jay\Desktop\Code\BBCInventathonNode\node_modules\mime\package.json,107,106,19,0,1,0,0,0,0,0
C:\Users\Jay\Desktop\Code\BBCInventathonNode\node_modules\mime\types.json,2,1,1,0,1,0,0,0,0,0
C:\Users\Jay\Desktop\Code\BBCInventathonNode\node_modules\mime\build\build.js,12,9,9,1,3,0,0,0,0,0
C:\Users\Jay\Desktop\Code\BBCInventathonNode\node_modules\mime\build\test.js,58,32,32,0,11,10,15,33,3,6
C:\Users\Jay\Desktop\Code\BBCInventathonNode\node_modules\mime-db\index.js,12,1,0,0,3,0,8,17,8,17
C:\Users\Jay\Desktop\Code\BBCInventathonNode\node_modules\mime-db\HISTORY.md,331,255,0,0,76,0,0,0,0,0
C:\Users\Jay\Desktop\Code\BBCInventathonNode\node_modules\mime-db\README.md,95,70,2,1,24,20,1,33,0,0
C:\Users\Jay\Desktop\Code\BBCInventathonNode\node_modules\mime-db\db.json,6885,6884,1961,0,1,0,0,0,0,0
C:\Users\Jay\Desktop\Code\BBCInventathonNode\node_modules\mime-db\package.json,141,140,20,0,1,0,0,0,0,0
C:\Users\Jay\Desktop\Code\BBCInventathonNode\node_modules\mime-types\index.js,189,89,21,30,41,1,59,188,6,18
C:\Users\Jay\Desktop\Code\BBCInventathonNode\node_modules\mime-types\HISTORY.md,234,80,0,0,33,1,121,273,0,0
C:\Users\Jay\Desktop\Code\BBCInventathonNode\node_modules\mime-types\README.md,109,73,0,0,35,26,1,43,0,0
C:\Users\Jay\Desktop\Code\BBCInventathonNode\node_modules\mime-types\package.json,131,130,21,0,1,0,0,0,0,0
C:\Users\Jay\Desktop\Code\BBCInventathonNode\node_modules\ms\index.js,153,101,50,27,12,0,40,116,3,4
C:\Users\Jay\Desktop\Code\BBCInventathonNode\node_modules\ms\license.md,22,17,0,0,5,0,0,0,0,0
C:\Users\Jay\Desktop\Code\BBCInventathonNode\node_modules\ms\readme.md,52,38,3,0,14,19,0,41,0,0
C:\Users\Jay\Desktop\Code\BBCInventathonNode\node_modules\ms\package.json,111,110,19,0,1,0,0,0,0,0
C:\Users\Jay\Desktop\Code\BBCInventathonNode\node_modules\negotiator\index.js,125,74,64,18,24,0,27,79,7,24
C:\Users\Jay\Desktop\Code\BBCInventathonNode\node_modules\negotiator\HISTORY.md,99,67,0,0,32,0,0,0,0,0
C:\Users\Jay\Desktop\Code\BBCInventathonNode\node_modules\negotiator\README.md,204,107,0,0,80,11,17,89,0,0
C:\Users\Jay\Desktop\Code\BBCInventathonNode\node_modules\negotiator\package.json,126,125,21,0,1,0,0,0,0,0
C:\Users\Jay\Desktop\Code\BBCInventathonNode\node_modules\negotiator\lib\charset.js,170,84,55,23,35,0,51,143,7,24
C:\Users\Jay\Desktop\Code\BBCInventathonNode\node_modules\negotiator\lib\encoding.js,185,95,64,24,36,0,54,159,7,24
C:\Users\Jay\Desktop\Code\BBCInventathonNode\node_modules\negotiator\lib\language.js,180,92,60,24,37,0,51,143,7,24
C:\Users\Jay\Desktop\Code\BBCInventathonNode\node_modules\negotiator\lib\mediaType.js,295,148,101,38,59,1,88,239,7,24
C:\Users\Jay\Desktop\Code\BBCInventathonNode\node_modules\object-assign\index.js,91,65,52,21,15,1,11,38,5,7
C:\Users\Jay\Desktop\Code\BBCInventathonNode\node_modules\object-assign\readme.md,62,27,15,0,28,5,7,39,0,1
C:\Users\Jay\Desktop\Code\BBCInventathonNode\node_modules\object-assign\package.json,119,118,19,0,1,0,0,0,0,0
C:\Users\Jay\Desktop\Code\BBCInventathonNode\node_modules\object-component\index.js,84,33,27,11,12,0,39,103,3,5
C:\Users\Jay\Desktop\Code\BBCInventathonNode\node_modules\object-component\History.md,11,6,0,0,5,0,0,0,0,0
C:\Users\Jay\Desktop\Code\BBCInventathonNode\node_modules\object-component\Readme.md,31,16,0,0,15,0,0,0,0,0
C:\Users\Jay\Desktop\Code\BBCInventathonNode\node_modules\object-component\component.json,10,10,2,0,0,0,0,0,0,0
C:\Users\Jay\Desktop\Code\BBCInventathonNode\node_modules\object-component\package.json,70,69,13,0,1,0,0,0,0,0
C:\Users\Jay\Desktop\Code\BBCInventathonNode\node_modules\object-component\test\object.js,48,37,37,0,8,0,3,5,3,5
C:\Users\Jay\Desktop\Code\BBCInventathonNode\node_modules\on-finished\index.js,197,80,18,20,42,0,75,215,6,18
C:\Users\Jay\Desktop\Code\BBCInventathonNode\node_modules\on-finished\HISTORY.md,89,57,0,0,32,0,0,0,0,0
C:\Users\Jay\Desktop\Code\BBCInventathonNode\node_modules\on-finished\README.md,155,109,5,0,43,10,3,29,0,0
C:\Users\Jay\Desktop\Code\BBCInventathonNode\node_modules\on-finished\package.json,107,106,18,0,1,0,0,0,0,0
C:\Users\Jay\Desktop\Code\BBCInventathonNode\node_modules\parsejson\index.js,32,20,14,6,5,0,7,26,6,17
C:\Users\Jay\Desktop\Code\BBCInventathonNode\node_modules\parsejson\test.js,22,17,15,0,5,0,0,0,0,0
C:\Users\Jay\Desktop\Code\BBCInventathonNode\node_modules\parsejson\README.md,3,2,0,0,1,0,0,0,0,0
C:\Users\Jay\Desktop\Code\BBCInventathonNode\node_modules\parsejson\package.json,88,87,16,0,1,0,0,0,0,0
C:\Users\Jay\Desktop\Code\BBCInventathonNode\node_modules\parseqs\index.js,38,19,17,6,6,0,13,38,7,20
C:\Users\Jay\Desktop\Code\BBCInventathonNode\node_modules\parseqs\test.js,28,19,22,0,6,0,3,8,0,0
C:\Users\Jay\Desktop\Code\BBCInventathonNode\node_modules\parseqs\README.md,2,1,0,0,1,0,0,0,0,0
C:\Users\Jay\Desktop\Code\BBCInventathonNode\node_modules\parseqs\package.json,89,88,16,0,1,0,0,0,0,0
C:\Users\Jay\Desktop\Code\BBCInventathonNode\node_modules\parseuri\index.js,40,25,20,4,9,0,6,17,6,17
C:\Users\Jay\Desktop\Code\BBCInventathonNode\node_modules\parseuri\test.js,52,49,39,0,3,4,0,4,0,0
C:\Users\Jay\Desktop\Code\BBCInventathonNode\node_modules\parseuri\History.md,6,3,0,0,3,0,0,0,0,0
C:\Users\Jay\Desktop\Code\BBCInventathonNode\node_modules\parseuri\README.md,3,2,0,0,1,0,0,0,0,0
C:\Users\Jay\Desktop\Code\BBCInventathonNode\node_modules\parseuri\package.json,87,86,15,0,1,0,0,0,0,0
C:\Users\Jay\Desktop\Code\BBCInventathonNode\node_modules\parseurl\index.js,139,56,12,18,29,0,54,156,6,18
C:\Users\Jay\Desktop\Code\BBCInventathonNode\node_modules\parseurl\HISTORY.md,48,30,0,0,18,0,0,0,0,0
C:\Users\Jay\Desktop\Code\BBCInventathonNode\node_modules\parseurl\README.md,121,84,0,0,37,10,0,10,0,0
C:\Users\Jay\Desktop\Code\BBCInventathonNode\node_modules\parseurl\package.json,126,125,22,0,1,0,0,0,0,0
C:\Users\Jay\Desktop\Code\BBCInventathonNode\node_modules\path-to-regexp\index.js,130,80,53,14,23,2,27,143,3,5
C:\Users\Jay\Desktop\Code\BBCInventathonNode\node_modules\path-to-regexp\History.md,37,23,0,0,14,0,0,0,0,0
C:\Users\Jay\Desktop\Code\BBCInventathonNode\node_modules\path-to-regexp\Readme.md,36,22,3,0,12,1,2,7,0,0
C:\Users\Jay\Desktop\Code\BBCInventathonNode\node_modules\path-to-regexp\package.json,220,219,48,0,1,0,0,0,0,0
C:\Users\Jay\Desktop\Code\BBCInventathonNode\node_modules\proxy-addr\index.js,328,169,118,47,67,0,92,250,5,13
C:\Users\Jay\Desktop\Code\BBCInventathonNode\node_modules\proxy-addr\HISTORY.md,116,78,0,0,38,0,0,0,0,0
C:\Users\Jay\Desktop\Code\BBCInventathonNode\node_modules\proxy-addr\README.md,141,104,2,0,37,13,0,22,0,0
C:\Users\Jay\Desktop\Code\BBCInventathonNode\node_modules\proxy-addr\package.json,109,108,17,0,1,0,0,0,0,0
C:\Users\Jay\Desktop\Code\BBCInventathonNode\node_modules\qs\CHANGELOG.md,213,170,0,0,43,84,0,420,0,0
C:\Users\Jay\Desktop\Code\BBCInventathonNode\node_modules\qs\README.md,476,347,234,9,116,20,13,58,0,0
C:\Users\Jay\Desktop\Code\BBCInventathonNode\node_modules\qs\package.json,124,123,19,0,1,0,0,0,0,0
C:\Users\Jay\Desktop\Code\BBCInventathonNode\node_modules\qs\dist\qs.js,615,497,370,111,107,12,11,105,0,0
C:\Users\Jay\Desktop\Code\BBCInventathonNode\node_modules\qs\lib\formats.js,19,16,10,2,3,0,0,0,0,0
C:\Users\Jay\Desktop\Code\BBCInventathonNode\node_modules\qs\lib\index.js,12,9,6,0,3,0,0,0,0,0
C:\Users\Jay\Desktop\Code\BBCInventathonNode\node_modules\qs\lib\parse.js,173,129,103,27,35,0,9,62,0,0
C:\Users\Jay\Desktop\Code\BBCInventathonNode\node_modules\qs\lib\stringify.js,211,181,103,29,30,5,0,10,0,0
C:\Users\Jay\Desktop\Code\BBCInventathonNode\node_modules\qs\lib\utils.js,193,155,119,53,36,7,2,33,0,0
C:\Users\Jay\Desktop\Code\BBCInventathonNode\node_modules\qs\test\index.js,8,4,4,0,4,0,0,0,0,0
C:\Users\Jay\Desktop\Code\BBCInventathonNode\node_modules\qs\test\parse.js,547,459,682,3,88,0,0,0,0,0
C:\Users\Jay\Desktop\Code\BBCInventathonNode\node_modules\qs\test\stringify.js,597,525,567,13,72,0,0,0,0,0
C:\Users\Jay\Desktop\Code\BBCInventathonNode\node_modules\qs\test\utils.js,35,24,51,0,11,0,0,0,0,0
C:\Users\Jay\Desktop\Code\BBCInventathonNode\node_modules\range-parser\index.js,159,74,19,17,32,0,53,153,6,18
C:\Users\Jay\Desktop\Code\BBCInventathonNode\node_modules\range-parser\HISTORY.md,52,32,0,0,20,0,0,0,0,0
C:\Users\Jay\Desktop\Code\BBCInventathonNode\node_modules\range-parser\README.md,76,48,3,1,20,10,8,42,0,0
C:\Users\Jay\Desktop\Code\BBCInventathonNode\node_modules\range-parser\package.json,135,134,23,0,1,0,0,0,0,0
C:\Users\Jay\Desktop\Code\BBCInventathonNode\node_modules\raw-body\index.js,321,171,42,33,59,0,91,306,6,18
C:\Users\Jay\Desktop\Code\BBCInventathonNode\node_modules\raw-body\HISTORY.md,221,147,0,0,74,0,0,0,0,0
C:\Users\Jay\Desktop\Code\BBCInventathonNode\node_modules\raw-body\README.md,146,109,8,2,35,12,2,18,0,0
C:\Users\Jay\Desktop\Code\BBCInventathonNode\node_modules\raw-body\package.json,126,125,20,0,1,0,0,0,0,0
C:\Users\Jay\Desktop\Code\BBCInventathonNode\node_modules\safe-buffer\browser.js,2,1,0,0,1,0,0,0,0,0
C:\Users\Jay\Desktop\Code\BBCInventathonNode\node_modules\safe-buffer\index.js,59,49,17,12,8,0,2,9,0,0
C:\Users\Jay\Desktop\Code\BBCInventathonNode\node_modules\safe-buffer\test.js,100,88,24,1,12,1,0,2,0,0
C:\Users\Jay\Desktop\Code\BBCInventathonNode\node_modules\safe-buffer\README.md,582,395,60,4,161,40,26,294,0,0
C:\Users\Jay\Desktop\Code\BBCInventathonNode\node_modules\safe-buffer\package.json,104,103,17,0,1,0,0,0,0,0
C:\Users\Jay\Desktop\Code\BBCInventathonNode\node_modules\send\index.js,1075,551,109,131,188,1,336,945,6,18
C:\Users\Jay\Desktop\Code\BBCInventathonNode\node_modules\send\HISTORY.md,421,321,0,0,100,0,0,0,0,0
C:\Users\Jay\Desktop\Code\BBCInventathonNode\node_modules\send\README.md,302,204,13,3,84,18,14,92,0,0
C:\Users\Jay\Desktop\Code\BBCInventathonNode\node_modules\send\package.json,140,139,20,0,1,0,0,0,0,0
C:\Users\Jay\Desktop\Code\BBCInventathonNode\node_modules\serve-static\index.js,210,112,22,24,39,0,59,169,7,23
C:\Users\Jay\Desktop\Code\BBCInventathonNode\node_modules\serve-static\HISTORY.md,386,286,0,0,100,0,0,0,0,0
C:\Users\Jay\Desktop\Code\BBCInventathonNode\node_modules\serve-static\README.md,254,173,9,1,73,16,8,49,0,0
C:\Users\Jay\Desktop\Code\BBCInventathonNode\node_modules\serve-static\package.json,111,110,17,0,1,0,0,0,0,0
C:\Users\Jay\Desktop\Code\BBCInventathonNode\node_modules\setprototypeof\index.js,16,13,10,4,3,0,0,0,0,0
C:\Users\Jay\Desktop\Code\BBCInventathonNode\node_modules\setprototypeof\README.md,22,16,8,1,6,1,0,1,0,0
C:\Users\Jay\Desktop\Code\BBCInventathonNode\node_modules\setprototypeof\package.json,90,89,16,0,1,0,0,0,0,0
C:\Users\Jay\Desktop\Code\BBCInventathonNode\node_modules\socket.io\History.md,721,555,0,0,166,1,0,1,0,0
C:\Users\Jay\Desktop\Code\BBCInventathonNode\node_modules\socket.io\Readme.md,243,176,31,0,67,25,0,100,0,0
C:\Users\Jay\Desktop\Code\BBCInventathonNode\node_modules\socket.io\package.json,135,134,20,0,1,0,0,0,0,0
C:\Users\Jay\Desktop\Code\BBCInventathonNode\node_modules\socket.io\lib\client.js,253,138,126,17,38,4,77,230,3,5
C:\Users\Jay\Desktop\Code\BBCInventathonNode\node_modules\socket.io\lib\index.js,475,268,237,52,68,0,139,486,3,5
C:\Users\Jay\Desktop\Code\BBCInventathonNode\node_modules\socket.io\lib\namespace.js,275,125,110,19,47,1,103,308,3,5
C:\Users\Jay\Desktop\Code\BBCInventathonNode\node_modules\socket.io\lib\socket.js,559,293,250,44,81,0,185,548,3,5
C:\Users\Jay\Desktop\Code\BBCInventathonNode\node_modules\socket.io-adapter\index.js,264,141,122,38,35,0,88,279,3,5
C:\Users\Jay\Desktop\Code\BBCInventathonNode\node_modules\socket.io-adapter\Readme.md,17,9,0,0,8,1,0,1,0,0
C:\Users\Jay\Desktop\Code\BBCInventathonNode\node_modules\socket.io-adapter\package.json,82,81,16,0,1,0,0,0,0,0
C:\Users\Jay\Desktop\Code\BBCInventathonNode\node_modules\socket.io-client\History.md,562,41,0,0,15,1,506,1948,0,0
C:\Users\Jay\Desktop\Code\BBCInventathonNode\node_modules\socket.io-client\README.md,51,35,12,0,16,10,0,10,0,0
C:\Users\Jay\Desktop\Code\BBCInventathonNode\node_modules\socket.io-client\package.json,155,154,20,0,1,0,0,0,0,0
C:\Users\Jay\Desktop\Code\BBCInventathonNode\node_modules\socket.io-client\dist\socket.io.js,3,2,347,1,0,1,1,577,0,576
C:\Users\Jay\Desktop\Code\BBCInventathonNode\node_modules\socket.io-client\dist\socket.io.slim.js,3,2,262,0,0,1,1,389,0,388
C:\Users\Jay\Desktop\Code\BBCInventathonNode\node_modules\socket.io-client\lib\index.js,95,39,35,5,19,0,37,91,3,5
C:\Users\Jay\Desktop\Code\BBCInventathonNode\node_modules\socket.io-client\lib\manager.js,574,307,281,44,91,1,176,534,3,5
C:\Users\Jay\Desktop\Code\BBCInventathonNode\node_modules\socket.io-client\lib\on.js,25,9,7,1,5,0,11,33,3,5
C:\Users\Jay\Desktop\Code\BBCInventathonNode\node_modules\socket.io-client\lib\socket.js,419,221,182,36,70,2,128,350,3,5
C:\Users\Jay\Desktop\Code\BBCInventathonNode\node_modules\socket.io-client\lib\url.js,76,40,27,9,16,6,20,89,3,5
C:\Users\Jay\Desktop\Code\BBCInventathonNode\node_modules\socket.io-parser\binary.js,142,90,76,23,19,7,33,176,4,7
C:\Users\Jay\Desktop\Code\BBCInventathonNode\node_modules\socket.io-parser\index.js,401,181,136,35,69,7,151,517,3,5
C:\Users\Jay\Desktop\Code\BBCInventathonNode\node_modules\socket.io-parser\is-buffer.js,14,5,3,1,4,0,5,17,0,0
C:\Users\Jay\Desktop\Code\BBCInventathonNode\node_modules\socket.io-parser\History.md,161,106,0,0,55,0,0,0,0,0
C:\Users\Jay\Desktop\Code\BBCInventathonNode\node_modules\socket.io-parser\Readme.md,74,51,23,2,16,6,7,28,0,0
C:\Users\Jay\Desktop\Code\BBCInventathonNode\node_modules\socket.io-parser\package.json,102,101,16,0,1,0,0,0,0,0
C:\Users\Jay\Desktop\Code\BBCInventathonNode\node_modules\statuses\index.js,111,52,9,10,21,0,38,143,6,18
C:\Users\Jay\Desktop\Code\BBCInventathonNode\node_modules\statuses\HISTORY.md,56,36,0,0,20,0,0,0,0,0
C:\Users\Jay\Desktop\Code\BBCInventathonNode\node_modules\statuses\README.md,104,56,0,0,26,18,22,96,0,0
C:\Users\Jay\Desktop\Code\BBCInventathonNode\node_modules\statuses\codes.json,65,65,1,0,0,0,0,0,0,0
C:\Users\Jay\Desktop\Code\BBCInventathonNode\node_modules\statuses\package.json,142,141,23,0,1,0,0,0,0,0
C:\Users\Jay\Desktop\Code\BBCInventathonNode\node_modules\to-array\index.js,14,9,2,2,5,0,0,0,0,0
C:\Users\Jay\Desktop\Code\BBCInventathonNode\node_modules\to-array\README.md,23,13,0,0,10,0,0,0,0,0
C:\Users\Jay\Desktop\Code\BBCInventathonNode\node_modules\to-array\package.json,99,98,19,0,1,0,0,0,0,0
C:\Users\Jay\Desktop\Code\BBCInventathonNode\node_modules\type-is\index.js,263,96,23,37,38,3,129,462,6,18
C:\Users\Jay\Desktop\Code\BBCInventathonNode\node_modules\type-is\HISTORY.md,219,73,0,0,31,3,115,259,0,0
C:\Users\Jay\Desktop\Code\BBCInventathonNode\node_modules\type-is\README.md,147,22,0,0,8,6,117,418,0,0
C:\Users\Jay\Desktop\Code\BBCInventathonNode\node_modules\type-is\package.json,122,121,19,0,1,0,0,0,0,0
C:\Users\Jay\Desktop\Code\BBCInventathonNode\node_modules\ultron\index.js,139,60,50,16,21,0,58,248,0,0
C:\Users\Jay\Desktop\Code\BBCInventathonNode\node_modules\ultron\package.json,113,112,18,0,1,0,0,0,0,0
C:\Users\Jay\Desktop\Code\BBCInventathonNode\node_modules\unpipe\index.js,70,32,9,11,16,0,22,56,5,13
C:\Users\Jay\Desktop\Code\BBCInventathonNode\node_modules\unpipe\HISTORY.md,5,3,0,0,2,0,0,0,0,0
C:\Users\Jay\Desktop\Code\BBCInventathonNode\node_modules\unpipe\README.md,44,32,0,0,12,10,0,10,0,0
C:\Users\Jay\Desktop\Code\BBCInventathonNode\node_modules\unpipe\package.json,94,93,16,0,1,0,0,0,0,0
C:\Users\Jay\Desktop\Code\BBCInventathonNode\node_modules\utils-merge\index.js,24,8,6,3,2,0,14,54,14,54
C:\Users\Jay\Desktop\Code\BBCInventathonNode\node_modules\utils-merge\README.md,35,19,4,0,15,4,1,11,0,0
C:\Users\Jay\Desktop\Code\BBCInventathonNode\node_modules\utils-merge\package.json,94,93,17,0,1,0,0,0,0,0
C:\Users\Jay\Desktop\Code\BBCInventathonNode\node_modules\uws\uws.js,564,481,378,73,79,0,4,25,0,0
C:\Users\Jay\Desktop\Code\BBCInventathonNode\node_modules\uws\README.md,33,25,9,0,8,1,0,1,0,0
C:\Users\Jay\Desktop\Code\BBCInventathonNode\node_modules\uws\package.json,92,91,17,0,1,0,0,0,0,0
C:\Users\Jay\Desktop\Code\BBCInventathonNode\node_modules\vary\index.js,132,54,13,17,25,0,53,191,5,13
C:\Users\Jay\Desktop\Code\BBCInventathonNode\node_modules\vary\HISTORY.md,35,23,0,0,12,0,0,0,0,0
C:\Users\Jay\Desktop\Code\BBCInventathonNode\node_modules\vary\README.md,102,68,1,0,30,13,4,48,0,0
C:\Users\Jay\Desktop\Code\BBCInventathonNode\node_modules\vary\package.json,110,109,17,0,1,0,0,0,0,0
C:\Users\Jay\Desktop\Code\BBCInventathonNode\node_modules\ws\index.js,16,6,6,0,5,0,5,18,5,18
C:\Users\Jay\Desktop\Code\BBCInventathonNode\node_modules\ws\README.md,261,173,89,7,73,15,15,146,0,0
C:\Users\Jay\Desktop\Code\BBCInventathonNode\node_modules\ws\package.json,128,127,19,0,1,0,0,0,0,0
C:\Users\Jay\Desktop\Code\BBCInventathonNode\node_modules\ws\lib\BufferUtil.js,72,30,28,4,11,1,31,160,5,18
C:\Users\Jay\Desktop\Code\BBCInventathonNode\node_modules\ws\lib\Constants.js,11,7,8,0,4,0,0,0,0,0
C:\Users\Jay\Desktop\Code\BBCInventathonNode\node_modules\ws\lib\ErrorCodes.js,29,21,5,1,3,0,5,18,5,18
C:\Users\Jay\Desktop\Code\BBCInventathonNode\node_modules\ws\lib\EventTarget.js,156,72,55,4,16,1,68,280,0,0
C:\Users\Jay\Desktop\Code\BBCInventathonNode\node_modules\ws\lib\Extensions.js,68,43,45,10,10,0,15,61,0,0
C:\Users\Jay\Desktop\Code\BBCInventathonNode\node_modules\ws\lib\PerMessageDeflate.js,385,281,205,49,46,0,58,184,0,0
C:\Users\Jay\Desktop\Code\BBCInventathonNode\node_modules\ws\lib\Receiver.js,556,331,283,66,93,1,132,448,5,18
C:\Users\Jay\Desktop\Code\BBCInventathonNode\node_modules\ws\lib\Sender.js,404,229,166,34,50,0,125,627,5,18
C:\Users\Jay\Desktop\Code\BBCInventathonNode\node_modules\ws\lib\Validation.js,18,9,6,1,4,2,5,23,5,18
C:\Users\Jay\Desktop\Code\BBCInventathonNode\node_modules\ws\lib\WebSocket.js,713,428,333,81,100,2,185,854,5,18
C:\Users\Jay\Desktop\Code\BBCInventathonNode\node_modules\ws\lib\WebSocketServer.js,337,189,134,29,50,1,98,440,5,18
C:\Users\Jay\Desktop\Code\BBCInventathonNode\node_modules\xmlhttprequest-ssl\README.md,62,42,2,0,20,3,0,35,0,0
C:\Users\Jay\Desktop\Code\BBCInventathonNode\node_modules\xmlhttprequest-ssl\package.json,99,98,18,0,1,0,0,0,0,0
C:\Users\Jay\Desktop\Code\BBCInventathonNode\node_modules\xmlhttprequest-ssl\example\demo.js,17,12,11,1,5,0,0,0,0,0
C:\Users\Jay\Desktop\Code\BBCInventathonNode\node_modules\xmlhttprequest-ssl\lib\XMLHttpRequest.js,651,390,269,64,83,1,178,884,12,61
C:\Users\Jay\Desktop\Code\BBCInventathonNode\node_modules\xmlhttprequest-ssl\tests\test-constants.js,14,10,7,0,3,0,1,3,0,0
C:\Users\Jay\Desktop\Code\BBCInventathonNode\node_modules\xmlhttprequest-ssl\tests\test-events.js,51,38,31,1,9,0,4,21,0,0
C:\Users\Jay\Desktop\Code\BBCInventathonNode\node_modules\xmlhttprequest-ssl\tests\test-exceptions.js,60,50,23,2,6,0,4,16,0,0
C:\Users\Jay\Desktop\Code\BBCInventathonNode\node_modules\xmlhttprequest-ssl\tests\test-headers.js,77,51,39,1,11,0,15,53,0,0
C:\Users\Jay\Desktop\Code\BBCInventathonNode\node_modules\xmlhttprequest-ssl\tests\test-redirect-302.js,42,35,23,2,6,1,1,3,0,0
C:\Users\Jay\Desktop\Code\BBCInventathonNode\node_modules\xmlhttprequest-ssl\tests\test-redirect-303.js,42,35,23,2,6,1,1,3,0,0
C:\Users\Jay\Desktop\Code\BBCInventathonNode\node_modules\xmlhttprequest-ssl\tests\test-redirect-307.js,44,36,24,2,7,1,1,3,0,0
C:\Users\Jay\Desktop\Code\BBCInventathonNode\node_modules\xmlhttprequest-ssl\tests\test-request-methods.js,63,46,34,5,12,0,5,17,0,0
C:\Users\Jay\Desktop\Code\BBCInventathonNode\node_modules\xmlhttprequest-ssl\tests\test-request-protocols.js,33,25,19,2,6,0,2,2,0,0
C:\Users\Jay\Desktop\Code\BBCInventathonNode\node_modules\yeast\index.js,69,31,23,6,12,0,26,97,0,0
C:\Users\Jay\Desktop\Code\BBCInventathonNode\node_modules\yeast\README.md,83,55,9,0,28,7,0,20,0,0
C:\Users\Jay\Desktop\Code\BBCInventathonNode\node_modules\yeast\package.json,101,100,16,0,1,0,0,0,0,0
C:\Users\Jay\Desktop\Code\BBCInventathonNode\stat.txt\sortable.js,325,279,217,85,14,4,32,237,10,42
C:\Users\Jay\Desktop\Code\BBCInventathonNode\stat.txt\activity.html,48,39,0,0,9,0,0,0,0,0
C:\Users\Jay\Desktop\Code\BBCInventathonNode\stat.txt\authors.html,40,33,0,0,7,0,0,0,0,0
C:\Users\Jay\Desktop\Code\BBCInventathonNode\stat.txt\files.html,30,27,0,0,3,0,0,0,0,0
C:\Users\Jay\Desktop\Code\BBCInventathonNode\stat.txt\index.html,23,23,0,0,0,0,0,0,0,0
C:\Users\Jay\Desktop\Code\BBCInventathonNode\stat.txt\lines.html,27,25,0,0,2,0,0,0,0,0
C:\Users\Jay\Desktop\Code\BBCInventathonNode\stat.txt\tags.html,22,22,0,0,0,0,0,0,0,0
C:\Users\Jay\Desktop\Code\BBCInventathonNode\storage\leaderboard.json,1,1,22,0,0,0,0,0,0,0
